,urls
0,https://click1.mercadolivre.com.br/mclics/clicks/external/MLB/count?a=gXpsfpwwmMO%2Bd59ZPpmSqSWFKvU4GJ18QDyQ4wTcak3eCNyfeo5CuSJg9cAz6WRg8IRd5n8f3YFD0oup9yHF%2BsDab49zeKeSeVJX6NJV5WvKsaZviD1LCcSttstHjxv1%2FgUdJUF8Sujza7RQ2JkIZIopnJ0%2FTEl0xBZQAMR78H%2Bly1S203tdnt4BZem%2Fw66o0qy3EBMFB%2FKGRRYB6EBU1kpFi%2FG%2FEzdWEKSpsCc2ypPP%2FYJoiwyO4m0XuxBGXiDNNGu0kS%2BJq2gQ0n%2B1BRtM8om18BV3cusgaEyPDdtdwg2A55g%2Fj6vVCnjCeI0vO7w84ZhGUqkI0kvuh2Nx%2F8X4n7rh%2FSi9R%2B1eDbe%2BfPg2oLTrEy72goIBodDRHUgIjdFzG%2BBnYbA5JmLYEW8ao6d2S0sidYv0r13jN3T9Y7yGHypSn%2Bh7imuk52mKxlYh4Q%2BGHAOd7ntpMPO3i8Hz174wbzTqTSLWYB6stxaQKN9S9pTLt%2F%2BgS2ALQLkI9O%2F1ATHg%2BohsfZl3lnMRzm0zwVea5Zn4na5CVL1a5mrmMdwbH15mVq%2B%2FqPNg0BdKT9lXy%2FZ9FvT4eVePeBONlMc5L1tNAF0qoZTilTgl9IS4UlwKYtk%2FtpSwAlfH6fmxsnwnIXTyZsGM73ZNaG9DKrh4W5ecM0BM5sMxgbAQLJRN1Gxevi5%2B9dbvVroIpCN8yraDwRwWnNwqwDB%2BR1ELQeRAr0bZz1LL4CbWC0eE8eIUCamFhYuc44jxufPCrxI93GnVvnjKifW5QvBQd5myAW0rFoQvhMnu04iI2mwcTeVBVSGiHuRsFRNtCIxfQsB8jlqy1%2BndlQUeuiHY7PPTMLWbA2qdGmC7r2dC%2B2APeHQ6pAYL8P5ndeoizndsw9%2FOs9s1e7yBjFhB0A95gvM3eLqLHhDXCCzkJpy0rl%2B%2BeOXBuOcuZCH36HDwXL3Y1lHYzS9INkHyp31f3p%2FIGRUt8i4JodAljvpBoQHX0I6WeMSvAwjiyZXbdhk68Na3JWYvxr4ulaA0DcHYjAda75wyfcACFsWx3LchPy7UrkIXK2WKRJ13YN6vb0MwUyNntJSzhpIKWwJgOQN4dArSwOT3deLpr4mgBhavS%2F619uwFYrz%2BRHrVmUQNg4K%2BuD8OnPBX5FkPXB7uBPnN2kJOKnEsHJkBGsZHum7v5Giv7tyx4Nphs6iFmqMnU0H2u3ITd6VPwX%2B%2FOFqtCZEXPhXGz9w5VT4pv6ji%2F0eDe%2Fh3HTyNprvefEurlGASRlTcyGtAh8XVCfBqqd3jRNoFlabklPNIRCIMlXmv%2FQ8grWRPNHTrbSD4IKgVfJc3uCZpeE8AqulOWnzqh%2BgBnZDNTJYnU2pm3djAxp8uySVJSHI%2BI8CV%2B3VwcczQKRlJnYz8F9NMULFUfYLaiWYmOYgMJoXSigbwdh55Ef81AN6W9tZ5SiY0HkXWKQhW8%2B4hN7u3txvfIxn8zVzSOIFDw%2F4acvSuoX3eJ6YmjoEzCtsjqVViNPKJAorWltYiZKjoI5ceUge33Cc5537FJAo3dF8agdhMvOxE0LLfhktCmmIAQGFW6an5ioj6ZD7XJMoGzNofRi7bO8CrQhBg2xTRE6jTBxCwbFsa39Cok6Iw9MA4VoilR1K0%2FC0EsvkOXzn1OQNQhwAPJbvDLspDWCY5BGtzAOZxTp2vPjeCJT59KnKPRmFPs13y7387nO30EgTlsNTmipLQtUFHk41N1%2Fc%2Fw1vbq%2Bnnkw%2FSiMKzXSNLGOfcKJqqTgAhVAGymN%2FFHS6ptfaSRm21bXnH5adg%2Bdav9NuGdLYUEAPXCTr1t0mNvzuEGm36L48%2Bo63deHRBGMRr4vOkbMzetrZ3%2FXxMVbMC4lUEaZ1XpTOmZuMt4tsQk82SM9PHBncE67fSc%2BpkaxmNe9TTZMeRS%2FBe%2By5%2BQb9u2t7vw2BZwjHj5cntDjdMj27k8GugYn%2BLH7lZvx0RwCvUHPD1zDShDDnynWTUv0wZgzXrCmKxuo%2FTKsOj2v%2BNWvz77wFH2txACFV45f%2FqX9b6%2FFs%2F0M9UqZ9LNYIB9EB6sSyQRlrFiRrbw8vOvyKQK5FNFpgEl%2FBOpXGX4nWUBBuIT7cB1H5gU6bfkx5QbvBmDsFToQ03mrcei5BREcP%2FrfS6PIE5L3JjMoMax5gFFkZVGICgnS5ukeBHcl7OQ%2BA%3D
1,https://click1.mercadolivre.com.br/mclics/clicks/external/MLB/count?a=lJ8hOxPfhHgFSqp%2F3cVF8chXJOtmT5ZdaE5WMAi5TmUgWVlZEOpe6xFJFzwUzG9be%2FSGMKcSPanebNXvNnFmKCCEo850ZK4r7BdKy9btvscgNLpD0ouzTih4vtySznk9N1NB3FSbEo50b0BVjFZIvU%2B7XrUSJwK0lqc9ylXiJy1r%2BMo5dcsy5wiQ%2FxQgImrWUrE8EKP3kDgKL%2FNxv9hfZD8PAMYFp3SdDxiIs3jrgG9JEsrQZovxysgc%2FAHM4UY8FR4JlDNFeXoHk%2FwqI4SoQZejOjXFn8H4NFAwQS5RNe1WieXk88Y62qdvb%2BMsjytgVmSmBZ3nW72N5M8O6euwcXpW9NdjZ%2F4AY73sgb5xxkYQqdz%2FhWI8ByfDj4Lpf8iwLkuFGvu05ziu6Prf1eEX8mPI%2BwEeHwkzm97UBBas3kh%2BFFAjVP3rFCFcD97SZPM2b7fbaj20MXYZJIoOm2yRu8K6wmuDcl%2Bik352V0wYkFeHVzBKlZN7nHP3KV3SJihFVdWrHlcwF9ErgUuJ%2FG%2BsIQurgVAeWmPS1%2BpPZbnCMk9zRdI1htFiDHKvSlT2rdhPjGpIiZahQkK2a9l%2FkOd9lldl8DXwfCrlNoO%2Figh%2FHKQLEAVKYtVbPivehzfs%2B7PGRcD%2BxrHamb0tPjgINJP2hNKt2c98TSPIgYLFqwKOshNXGxCO962y6Zfn4viSeinvfBliuFi3Yn85kNRcIfcleTBvwwWN3ZyxRNe8mI1n8q%2BjHHW7mIZhGp0cSEL0VynhcSmCB8tOO%2FZaaR7JhsSeYNTVKnwp0FVrhYEPE%2F3o0dge%2BXHMOYdlqB7LuvS08PTRfxixl4ivLS36ydTLjiyaM%2Bv3PT5n%2F4Z5M8RHBpaETHmlIV97qKUzPoxRS3lpSB7EBtimYDrNGiUIFioZ3ZVD0Z4jclVRZNmtjT6TkXw4Izn0InMoReQZgjWhGT1nHXCZ6SPmhiOSlB2Bu8I2CvhKxN789N0mchOUAApFIakbJL%2FiehjWx0cIwPd3ZP1x9C%2F%2B5Q8Y6siTQdeCoLrSb6Tw5srUVRGXBKvuzw%2FFsXw8PMUHlMqYAoVHOSEP86KyXs%2BKdnIylWgk6KsAsk4K2%2FAJdBJAYvLfOMSkgfpAF7TBuOoAluJCRuU0UO%2FkCTYzUxE%2Fj7vFI5ljknLvj5tIRk4G2XlIsf%2BFzVP4DqXm%2B%2F8Zzrf4swDmtg7VB4jlYzvq4jV28Z194xvT3a8siEmgxNjHEHnE5hXb%2FWxAT9fPhVzQMYc692l%2B3o%2BoERXDRdmiCXbW36Q48qzLzhPWr7GidNKonKP%2B57Xh0bvW%2F2QRaKyImBPteeT9Vn7XABqOxMoQCFY4bagJZVNxSROa2pwoWEi%2BU8%2BS1s7LjobUxT%2BrUy1sPvWwPnSjvU8dIMZrJReLTdKven00Sok23%2FribSQr7FllzQGCqbpq4bj35zY8mQ7iFN3txmJoMMJ6Wf0%2BkLovzIp4rzerL8Jiz79mWEk0g7vK%2FhRwY8j0y8MHcbkFMo6d2m6y49C5xOHK%2BQOWvWg38lF7nRYuVsm%2BZl1uvWl%2BZVqvHGdMb%2F86G3Z%2BLpgVofibv4tOtVCsobNjRvV%2FAnxyA49jPEFhg2cgLq%2B21ujXJhOvKXPPtXnaEVRuhQX2gZb2VkkoNvVylZ6e1pPYMx2zqG%2BPJXTZjQso4M5nxNE6xexGk3oh%2F25%2F59e3tMJbS1dcpXZOtdzWTlrSB7PG1qBFQONqVsr%2F%2BazajY1SYAEAk%2BVWcw3gpVSWAxLnx6XYeU56OVvf%2BHdQvtgxuGCRA8RcCNFpl9slsUqUTjQvYhWYNSmUh%2BU6ISjTuLbBJhtU%2Fy%2F9nNZ%2B8GqY6D5HbAaq%2Faya2fyBwh%2BJMmrBlit8ymhFemtBQo9ggdoUHdMp7lI72VSLS2JIFHBqH15hmFjdCD10Q%2F2Qa2ZFaXNsI%2FF9mkrYK%2BqZwer0vu75EWgJR1w%2BvC4olSE8zsMxtEqxbhhYF3AL0HShW%2F5bl%2BVYvP96ucLGagyWGcnrjo53kZKojQgHZAJss6k2aMWj6LlaSI1RvEB2jKTTjzun2UwWF73If9D1EtDMzc7vU1fDkejIzGFPVorYvUnPtBuab8R%2FzxBOrb6AlqTczaDGwyM0xaFpSWFw1XGl7Mm21ces5kicomsuIakMzNXLELBoXS0pG83uzBQkyadnlMozVa5kccUGgjE11C13M2hABXYMZkpr9A4%3D
2,https://produto.mercadolivre.com.br/MLB-1897072435-bico-injetor-palio-1015-fiasa-iwp065-50101302-_JM#position=3&search_layout=stack&type=item&tracking_id=3bcefd1e-0adc-48c4-bc0e-14864d654ff6
3,https://produto.mercadolivre.com.br/MLB-1747642192-bico-injetor-pajero-tr4-iwp030-_JM#position=4&search_layout=stack&type=item&tracking_id=3bcefd1e-0adc-48c4-bc0e-14864d654ff6
4,https://produto.mercadolivre.com.br/MLB-1786298357-descarbonizante-car-80-original-kit-com-6-unidades-300ml-_JM#position=5&search_layout=stack&type=item&tracking_id=3bcefd1e-0adc-48c4-bc0e-14864d654ff6
5,https://produto.mercadolivre.com.br/MLB-1786320734-12-unidades-car80-descarbonizante-limpa-bico-tbi-carburador-_JM#position=6&search_layout=stack&type=item&tracking_id=3bcefd1e-0adc-48c4-bc0e-14864d654ff6
6,https://produto.mercadolivre.com.br/MLB-1864475748-bico-injetor-s-10blazer-22-mpfi-98-a-06-bosch-0280155821-_JM#position=7&search_layout=stack&type=item&tracking_id=3bcefd1e-0adc-48c4-bc0e-14864d654ff6
7,https://click1.mercadolivre.com.br/mclics/clicks/external/MLB/count?a=JNuQy6OeK5TQvq4Yx9E9KKXSoiXsZrckr8ID%2BKpower2AODiZ%2FBg8uURtStaxgKUIQBzxKHpTJzT6vFxtuQW%2F2pOs57uusF7pFHYC6oNrsFtma1HC%2B3FyqON%2FoSoz%2BU%2Fcf%2BFZ8XaP8LVX3eB5G%2FQNc8EHgTg%2FJRt72LMkvyH7KJ70DYVJXBeZkdXygS%2FNSsh78o3Qe3hi1b%2FARZo0GMvmTdIjeGP3YlOPJP%2BWNytzOP2aIPTuIdG6kGZkdclfUHqawJpcZaxwbQQyNnI%2Fk2ZmdbVcu52iKEMehFjj8anfOYyZQGSz3QPGw%2Fm835IwvuSx%2FSyOJz6VK6QQ42EV4rttiGHbjOhe9Pzv38tTQgmQ5A4iN9K6jiqjComDEU0J1t1u9c0kKN6ozztbNyfdK0pHPA50GFhPan4kgWiSk0XTAosnmC7dCs1fdcj96eRykFG3942x%2BS9rtdDQqaYzGfND633JHaCq0HpyGDp2O5ieREbUtKs9%2B0iaz78EcNbGBxIf14vNwtoJO41kkY4ojXNH9SoY7GQ%2FeI2bgGuJhuk60bLGoPqm2RWcvna2sScgFhy0DuQBZTacITyxxkbedRFz%2FE4J%2FQKa%2BMcXiayqBsDcDRzI7urZkib%2B%2FUDJrnuj0j8n5U4niUTrV3o2N9mv2HiWCbYzlb%2BWIomlsLiAzm8GLKL3PIy%2Fm%2BLg9Ybhop%2FIvPN1hoyPmSxqbDXaBCquv3S%2BDNvHusXr%2FWinFhT9rU12XZGi1RRGozGxD71oUH9w29%2FdpgVoiPJI9ltz7IUmj%2FXS2jwIgUnRqiBAgMzjWhUIr5D87%2BferajHjNcZGRceFZVjgIIsiU0xys6GUma7yT2x%2FXDBTxPiEdzL0s9OFWT3K9hzv3ZzT8kcSOp9rBLU9AYKGvtl9C6Zms4blvy8ZD1Uy6rUNwKC0zZV4rpyKVLfFvOSdf0TlNvgURCOKvjtcS9ExWtQmtQub1mKq%2FaWCSplGuEvChaPfiEnhP%2BthBGR0jK%2B92hz2Mm5EwffbibU67YCBqM957bwVDzaSFZVQTHh2%2FH1iVcrBdmj%2Bl1UUewNYaRi4D8tDLphl%2FdJYrO4Pg58znr%2BrkmLB3LguqZLZXZnNLc1ZsL6Z40iAVdXBtpkd%2BBkQq1imH05gjw2QTf51ZNlfgeHorT%2BY%2BEYzUS%2F1CfTVcMXLvVZ7RniGOgqPtjsreUthdFhcaN%2F4l7uEt8TBTBJYHcJfLre19AAtqHK2YzXm3UIAj9V%2BxheSG9H4LFe89dkq50BvduwgAk25QxT4prUFGepi8v6yDbVuWikCyfv%2FuN%2BYeoJ1VgoKwEYW9NJ%2BHjXdUCaIZESwVci0b9Xk0Vov2DTKqdCufG1t4P9FK6R41Q%2FCn%2FjEw%2Fdygnqa4H0sIc6usOq%2F2NMwbLdi23ZP2jSBYh9DND8MKgVR7KAdgWj7xcqGBJb%2BuYDnJdYMrjehtJjmHJKQxIMMgLdBau0%2FiVd4DWNqenGVLBUbzP%2BZWfES4EOzS5y%2BHvGvicc0M68Mys24bX1%2FXuRSfNPkbGtzSumUN%2B%2BRtKS2RqoWWRam%2FdaNzEDFCmUpUZxnNwQLlbnSOmPsHcoexza0K9jRFrVGXTXAs%2FeQTJvw8CzAp8GoodL7B2AGKiWBmobKCLfKLcXhDLW90L0Ra3QbaAlIGmoLWD%2BI92kdeEZpb8D1kO9sDJK4YWjTPh%2BIRoBw9PtqTLrtz%2BbsnGY13vSRgEriMaFonHrHKxuTfCdY4jX5kyuJJVZb4P7weKbJk3n4%2FH9Tc2CIV2V2Mxfy1aUbgLPCO4muWMefaAumlgWthssJWYPMeFr3bMihQw56L%2FU5BgpNZc8rFUHekV8Ikb0mddysieJc50M3AznmMBKp5IXL5wLrNfIoal0YuWftWh%2BGOqatOQWZTeyL%2FL5kEaA8sLWXkwGThqsozYUwAYDYviZcqNIMK5uZJbuVFTRZTwIRUOVzaN4jxXyxAeEvUhauOdK%2FDC4JVWTXG2Xn594Ftw86s9928kZspQay2DTX%2FlyZI%2FCcrhmAwBbscoJ80Y7hOWNIDxLTUj%2BFzB3Vs3vQhb3u5Lg2d%2FO9SeaLnazseOOmmaJZ%2FRQcHbqnwR2qWuepiWfTvnPF8UKch%2FI8Fms41gXhUBNOMLPQjcPhg9Ukk7reHGffurzUCTg4Hl4cVPaSgs%2BRSMl4r%2B12lOsE3HEUh%2Fj%2Ff1jg9BKfV%2B9C7YJ3KD
8,https://click1.mercadolivre.com.br/mclics/clicks/external/MLB/count?a=KcpBOEN6EwAKrYzIAyhGhdrZ8D3tgU6aCcVnLEmKChlZTvTtVvmDgr08iU4O0bNORkaDTlqJoqwuKXpTjsu89DRdK30QP7cIzSWOy8nbjvNbWaU%2Fc7Y95oegNFh9ZrkoGMXdkJqF1FlRd7yMar4%2BQkUVmBnXEApgRYbUAILqJKmnnssnT5tIvgFVUXinqFC5cl%2B0R3CclFYm0GaJ8Lb073zo2JSRdkdJyMtkLtDqzv07ZtOK2se6ljtlnQVHrN5cVLa4vXLvIY%2B3HdNd75ZJWXNsBgOMDxbJBKgk36rxRnKknsabQ2PEutpTgjGUQLUnUTJN7v8KRVyDMVcdEnBQ3CG6t%2B0HiJQcmBdD%2Bz2nr7A8QPnKcymj%2FnVUewljJiHi4i4Pa0Tlj3YZp327NcsRlMkg9HVlLc1v8o52J6rLRrsl0Zv6ihniNN7ueFjiukSqi8kK0R7C2esOcZ82%2BVNDtfaHaj6kddkkpNTwyjmIHJd9L9TiXPvOFeH7EFeq0t0255nc7PEL1ympq5hW09%2FZRpnV4u47PzQNxK2i%2FJKH492mJYKln1DfDd1Fk43tjr6am8JJpeZC5WzYnYpi2AzIR4D4ljUgBuHz3NOSvHEv077RXN2auwWxBTYLpV5l6F8XBYFP99buWu0GF9Dl9IDyunVIfNcixAYPG1XvzJ8Whsch0mNg5ZViF9P8mfc%2FAS%2BEP09vkEYIUbmS2NoxMzMwhK8w6ODRvE1%2FisOuA8vRKOCW%2FaS8SZrkjARBDxpTzEdDFPEW7wyw%2BfpketXeQp4GYYT6xn5SeFdIrmcNYrVzEECk3gk0kL2EWGS87%2BMeZQ7m85ubnSHPeh4fUo%2BLvUld%2BZbQ4FNKY9HsKLlVFo3KCQZIqWXkh0gwT5%2BJSmsUEEwsThIYFGMvlUtKhx3PU9f%2Bw41%2FzWmteMJPuCtY5DlX2lD%2F9TZG2b%2Fsk8r%2Fa%2Fj%2FlWo0fj24HsJ8LcpF4Chs7sWZGZAJ2Rt7TGLgISqGvkNGsrNpbkOPf5sVeS%2Bw%2FSTRuQMfckBnQjQ%2BzD30ZL3E3b1V5iblurGm5vduQyJBq52z4fs7N69f8Bem%2FstPwDicluoZevYY5aPbr6m%2FcnKd%2FMiOHzkypHUBoHGhX6jzvy9y3ADL1PzCHQaMpyg6HaL%2BMgfPiXjv7lVh%2FfNE7gqZEVT17wZksBIM6SP%2FO3wgpGRCeIFewiGwoG2R0WR849PX4FFYOyF%2FbK3Sc78EzhZAMBlk2xezFB72iat%2BcHB%2FU5WABOPiSV1AKXNsyxnf3imN62i6vQR6mL02uPenEqSKh8HjSzyKmyXb5yOjrRJmuot5fiCgmRYlejqs%2FZaZ7DPi4XyFDgMYoha7pCMn0vZx%2BEfZwGD4yp0DmFUu4t6thiU8SUVchq%2FDnMjc07J9XJI9GzVsysG2%2FyUAxi8f8rzg55%2B8TYrNvW03nrZ5VrY3h7oza%2FzSQjGNgbjJFM2fJfsAdH46GqX%2Fp651XoJGKeX%2BUsLEUxfxkpd02rfnsjc7BlMirX8nhPl7wR6j7nCD%2FGuVcmaWr3Rc95518SLs6YszmDgvKdY53HSTGH4JkKJo1o%2BXix3nqkkJ5hn9rN6XOXbsUJflVab%2Fr%2FTrzJwbdxB5nOYACanZOVnvj60BY4UCQUml9YLVXld%2FAoDk9zK%2Ba8IZO63vYcbrmgm94OrAycFlIxyRsECQRKq3XQoEG%2BPibXivxYCFnBQHWwBvCUlGCpm1%2F781z9g%2FKpLOyD5G5e0S5m%2FaMQ0ijuwCDwFW6Gai7%2BJh8BApN1Lc612xOONv%2Bfr3w2kg0aaLwhyym9tKicWncIO2brut4NNUnf55YDz0EaGCseiK0pK7j2SzcoBTaYVmCRnayYcNaIB%2BgR0ukAATv%2BLTxSVpm21eLUF29qyedtEgeZp0bDiCyxvEaOIqztkrD4f4n%2FKmbELy3NlnxFSZ9N44pb4ex7nA8N00LjzLJTb46pw4M6K71mF8sMwZ4UMpyyr2nO2VYyhNUdTC6T7PI0Ty%2F%2BefLbW9ZdRghg89YwrBMxR3hiFvtV5KPnV%2BVI3wRan%2BJayT7EM%2BO4Qrc4tg%2BhiFprDliDI9qMHyaP%2BpbwjfPTwWdbQS9Ueu1a2PkarJD8%2FS67CxuwvB6zO%2B%2BW6%2F3LN4AXoaCt6OyHhgJB%2BSugDhlRLBwTf%2Bd%2BxibuEgactYfTk4DEZWpRW9AhW%2FJti2UQxAi%2Fq3awgNqC5C
9,https://produto.mercadolivre.com.br/MLB-1895498832-kit-4-bico-injetor-fiat-palio-10-13-15-96-97-98-99-iwp065-_JM#position=10&search_layout=stack&type=item&tracking_id=3bcefd1e-0adc-48c4-bc0e-14864d654ff6
10,https://produto.mercadolivre.com.br/MLB-1695656487-4-pecas-bico-injetor-palio-siena-uno-10-fire-10-8v-iwp065-_JM#position=11&search_layout=stack&type=item&tracking_id=3bcefd1e-0adc-48c4-bc0e-14864d654ff6
11,https://produto.mercadolivre.com.br/MLB-1860476604-iwp176-kit-4-bico-injetor-fox-gol-g4-g5-voyage-10-16-flex-_JM#position=12&search_layout=stack&type=item&tracking_id=3bcefd1e-0adc-48c4-bc0e-14864d654ff6
12,https://produto.mercadolivre.com.br/MLB-1792341676-bico-injetor-astra-18-20-zafira-20-gasolina-1998-2008-_JM#position=13&search_layout=stack&type=item&tracking_id=3bcefd1e-0adc-48c4-bc0e-14864d654ff6
13,https://produto.mercadolivre.com.br/MLB-1812880994-kit-4-bico-injetor-gol-saveiro-parati-16-8v-flex-iwp115-_JM#position=14&search_layout=stack&type=item&tracking_id=3bcefd1e-0adc-48c4-bc0e-14864d654ff6
14,https://produto.mercadolivre.com.br/MLB-1812876585-kit-4-bicos-injetor-renault-scenic-16-16v-clio-16-iwp143-_JM#position=15&search_layout=stack&type=item&tracking_id=3bcefd1e-0adc-48c4-bc0e-14864d654ff6
15,https://produto.mercadolivre.com.br/MLB-1870216627-bico-injetor-baixa-audi-a1-a3-a4-a5-a6-q3-q5-s3-tt-tfsi-novo-_JM#position=16&search_layout=stack&type=item&tracking_id=3bcefd1e-0adc-48c4-bc0e-14864d654ff6
16,https://produto.mercadolivre.com.br/MLB-1836194278-bico-injetor-azera-33-v6-2006-2007-2008-2009-2010-2011-2012-_JM#position=17&search_layout=stack&type=item&tracking_id=3bcefd1e-0adc-48c4-bc0e-14864d654ff6
17,https://produto.mercadolivre.com.br/MLB-1787985530-bico-injetor-corolla-18-1995-1996-1997-1998-1999-2000-2001-_JM#position=18&search_layout=stack&type=item&tracking_id=3bcefd1e-0adc-48c4-bc0e-14864d654ff6
18,https://produto.mercadolivre.com.br/MLB-1931972340-bico-injetor-monza-ipanema-kadett-efi-18-20-alcool-novo-_JM#position=19&search_layout=stack&type=item&tracking_id=3bcefd1e-0adc-48c4-bc0e-14864d654ff6
19,https://produto.mercadolivre.com.br/MLB-1053725687-bico-injetor-bosch-nissan-tiida-livina-18-flex-0280156418-_JM#position=20&search_layout=stack&type=item&tracking_id=3bcefd1e-0adc-48c4-bc0e-14864d654ff6
20,https://produto.mercadolivre.com.br/MLB-1832464939-bico-injetor-effa-towner-jr-chana-hafei-0280155964-_JM#position=21&search_layout=stack&type=item&tracking_id=3bcefd1e-0adc-48c4-bc0e-14864d654ff6
21,https://produto.mercadolivre.com.br/MLB-1594115821-bico-injetor-corolla-18-flex-2009-2010-2011-2012-2013-denso-_JM#position=22&search_layout=stack&type=item&tracking_id=3bcefd1e-0adc-48c4-bc0e-14864d654ff6
22,https://produto.mercadolivre.com.br/MLB-1054425943-bico-injetor-bosch-nissan-tiida-livina-18-flex-0280156418-_JM#position=23&search_layout=stack&type=item&tracking_id=3bcefd1e-0adc-48c4-bc0e-14864d654ff6
23,https://produto.mercadolivre.com.br/MLB-1719861742-bico-injetor-mitsubishi-outlander-30-v6-1465a080-eat309-_JM#position=24&search_layout=stack&type=item&tracking_id=3bcefd1e-0adc-48c4-bc0e-14864d654ff6
24,https://produto.mercadolivre.com.br/MLB-1798961023-kit-04-bico-injetor-gol-power-parati-10-8v-16v-iwp058-novo-_JM#position=25&search_layout=stack&type=item&tracking_id=3bcefd1e-0adc-48c4-bc0e-14864d654ff6
25,https://produto.mercadolivre.com.br/MLB-1932005095-bico-injetor-corsa-efi-10-8v-gasolina-1994-a-1996-icd00106-_JM#position=26&search_layout=stack&type=item&tracking_id=3bcefd1e-0adc-48c4-bc0e-14864d654ff6
26,https://produto.mercadolivre.com.br/MLB-1868830250-bico-injetor-marelli-fiat-palio-siena-brava-16-16v-iwp001-_JM#position=27&search_layout=stack&type=item&tracking_id=3bcefd1e-0adc-48c4-bc0e-14864d654ff6
27,https://produto.mercadolivre.com.br/MLB-1351751023-bico-injetor-corolla-18-16v-flex-23250-22090-denso-_JM#position=28&search_layout=stack&type=item&tracking_id=3bcefd1e-0adc-48c4-bc0e-14864d654ff6
28,https://produto.mercadolivre.com.br/MLB-766795270-bico-injetor-ecosport-focus-20-16v-flex-duratec-0280158162-_JM#position=29&search_layout=stack&type=item&tracking_id=3bcefd1e-0adc-48c4-bc0e-14864d654ff6
29,https://click1.mercadolivre.com.br/mclics/clicks/external/MLB/count?a=zBd2AAkU88MP9zCkJ9GKYWeQBQk%2FmLientXWBNCkk1pCG19%2FQR6ShYWbN1TZXwOPqaTl8s%2FWL%2Bch2nLdj%2FdwhZioOcqZt7hDuHwtZym89gDMPD180yY%2FAepnecwtE0U65ozPOTtG2hJaEN35WxUQH%2BKejIweIIzR2wFCE1O5oAvpUITB%2BuyVRQKWvgXOS%2BIBvEY5X9X31XVG91kSFryTqwEDIQm1dJn5JhFzUymlbiZHw%2B6HpCVt9sV2gsrLzHf%2Bj9%2BKz%2FPSppvGRZFxYGWjS9fGRL6nrpnNT%2Fs4oiU4nM%2FaOH80F%2FMDWHMfztmyXtfPziu8eMd%2BLgGy%2FHMe9paBnQZg8CPWSva1W23SLqZoysDUu0GOD6R%2Bstw4owMGYtiKc28r3dpztHQ0Mq7xxk0Nl1Pw1oETUB1CqV9pjI2kpsQN5apxGV3e8Cr1IRbi4PQ8SjA%2FhIoTQZpOTSETlczIY3U4ATvMAMspEJkdSgoRVNyncLzUIFjbQOKD1EhYRSLPq%2BZNHxMwXpPU1xTapjJR8xyDkr6kwlR9DUeBXYa7uIH%2FAbaFaQjGH8Sf4vWnQ1GNxvnpISzTfojVbU6o1H7PjPcAftZKxnXKGf6b8aMsuon03%2FCdRwPiZ559uHYbh%2BUplslBGI%2FHogqqqIQsmnUSRINkMAmtCa%2Fxc%2BJ4f0pC1nNrEEH6GNsMZYRgwKEWEbKdooCRQEWLxel9Oo30w736rGSkCOE5I0ve%2BZLTfZorT%2B8M5mzEO4ACDVT3n7KGx7f9IDLc9MYe6Qx%2Fk1f2rnDpHWC%2B%2FVpFtWjYQs0Q%2B2izfF%2Bcbog9x6v9DHD1JgqMK8r%2FwT2AF%2FQmjkC3NpbKFdUmcvDinEMugfmMwiLhcbxBeeRk9945bcpC1UmjC041tmcyeerB710sRno%2BI0zhH5SHB72bdWnEh4PeGujQC5tu%2FtjVGq%2Fpa1YM3G%2FSwihXbFLh%2BJmV5GqZ%2BV2%2BN5FfIhDf1Q3xbR3JXf1IfTGt16AyMZMhIZUzzqOxDhOEJNxFdLz9kBitE23Lvh6hLqjqre3BpCX%2BxG%2BNwQnFeHdQpCE3wocZxArcn7otsm0Du%2BecISInGsr1t6KPWtsRiaGitk0f2aX%2BLtzWbPB4e%2Buxf%2BNhhwWUyilcZWBX8P8GJAlqwd6eyaXCnS72mHZBCFE1uBgVolO4Ll10z2hMyPuI6DRYYHj7j6irY7y4Bc7QZKTklxmFoEHF2QnBNQ5aZuOv7%2B30pXC0OjVvN6m1ee%2FkU3lJIn3PJMPHROwmQanIca1oPyexsEfu9CvEYke%2FIgUlDf8nkY%2Fu%2FjxhuQqgEXA1C5b0NhlrhCENITttUlcft%2ByWQxVtfwQRkmYgVueKn51nCSsPcSzLnIsa9mK3szkMSSxas8b%2BxoOIUWY1L8s9DCOe7YSAdAwxeXdGl%2B3M%2FfuHEN%2F8u4RPFgHJZUw6yKyvL%2FplqNKGED6QbV13%2FP7IDvIQbKl8xLoVDRctOk0p8PnQukFx%2F97SSS5eZJaCBlV2jQUOha7n4JoW1Dv1HLtHRf878y8sXD3vd0Md7x4AmGMayJ8mSxMYXTGU9pDtmzGyUjRu5IICv1xTmkwoZijhI3z5yQkJrH8%2FlV0cRgYLViclShgIHIJutsj75cwLQo0Gem2t7USYQQQEelUQwxiRCSldRQrMV%2BwzsvMufxahZzSjbUK2yWFwus6MXU5XQzQcatt6owu0%2FLaYVVpReGyt1t6OvI3DTS87MRyZ%2FX0%2Fuo%2BPuD7OyaazL%2Fus169YcZMrjMMwMkmVwUMhP6etAq31wXNc6jFxzrQnlAiE2HBVQZmvujQj0PeozWEkxuDW6W9nB1hMptyhL%2B2p%2FISQOnokQmemUaOmWBhk0sCXd3irST5VtJ4T%2FZ9UevOd8NyDFHldSII1%2F8KT72JqoS1B9LJkhybvv2F9Us5%2BjCRLbPzvnKJ0oEDeM9mSqBUqle%2BT2GMJa2WkgzVsr4doCfOtTVxd6Hij8dQXWbkIytgmE8TXXCWiHdWbbjfyZI7snJodKmV%2FSksIao%2B%2B5cvKhbxZdYT4wyyTbPVzxuGHm6McXhIQvtyzwuswjhSJJwqN3T4FPr9K5yZVjbGLivT0Jmh6y7gG24BYqMReWMbQW5uSoAe3Es5Kq7JFMSKwtJYo2qwdNuT2S%2Bia%2FXKHXQ7gyLTCuzoyVA1%2BCiiSRSCFOMUWjOAFHXpmNaaTKvZJZr3eATo5U1%2FKeQ%3D%3D
30,https://click1.mercadolivre.com.br/mclics/clicks/external/MLB/count?a=sKSdlle9RY6VZxEr7rbSmxjgB%2B17i8G8NmVBDlBq4czigkt4SJaL0FEXPRo9Z07OS6nkcC%2FE8sKxByy7%2FA9v9jos1Gn1ZHQT7PyRhDNE48bFY%2B6EGVCgXdlQ1ne95wpgUiUmkraIBqKvLRZrKSrOPgodbV%2Fgt2PlpxtYD%2FxKY33SrtnwuUhBHat%2B03fHvWghtWIzIkuZReASktSjl7IziBGF6gMa7Zq2VQD356nfZoXqJKwyFVg4on5sxkiww%2BiJdOktAiS%2F%2FRCyX2yPqQ7l3jQB9bYzw4N6tCGsuOLOiUoJgsPWc65Sisa%2FURDVw94m1cXyNktWI%2B%2B7T4C53NY6JYl1OrMn3lLEFB%2Fis7fCwKLdKE2QH1tcVoSZE6Jhpvh6leSze%2Fmzdujsg4OGnbS9M6G3VFCLLzj27ItyIYbXtpYTjiU%2FUYRBLDycnMjgBI%2BaHkwsiptykxocFF02r%2F6gtD6rRYhTh7G8mTQ2Gous3LFmBxyutjOMT39QdLnmy3bwS8VyYhxpPFehDNW5%2FANNZNMBHqofIpqXcy3YolfvuFkf%2BSKXYQ5BJSi2uMVk46lQ%2FuWzcl2DuptHVzFAFpZUb1RUN0zWAZdfFOaEzH8pJSde6esur3hYorxwf0Y1Smozn3WsoAoaPuAQ7Dp78JWmt4LZAQtgZ23Ab0Y20%2FWijgcT4u1xxF62z6gQrP5RDkD4yUz5tY%2BkEcZb3uLNETlMQbip%2F1mCeGwKOWEgHMzB2ONNfp7%2B4bGDhwwrVsNiN6jGmK54Svaic9s5abJ0HvdDA0HuSZRNiOpayun1nM8PAlYqyi1Z0LTSGLBbtAaWmByrdp1cJ6FkYe9U492Q8pOx4jMN%2F6H1Wc88xUcF53PXECCXM14b%2BFxpJno3k9qy5mXJRWSqcPN0zQQtHYfedjndsMrlZyzkZ41wlQGkdj0imD865PUgHWNyiHjQ%2Bl0J8H%2F39rG5NE2xU6vLaXjTuK%2FOGzm93PD7dDSwL1zJkQbI8xyG5pkDHAvbG0JtfUqSSSsFyv%2FQwP2MHHMrBFfdaxcfpfpxzl8MYdzBkJBry5Rb5v9zvCen5VL%2B6MIbIVf1fbocn9qR9dxndRhXEoNKrfj7riVFZsgvY8PlocMBGlg%2BVHPTxdRidMcEv5QgVH1yvRTVYiSMl7Aq1Sf%2FJn2lGSE9Go6mkMajI%2FVMj%2FUqlphcJGak5f%2BD9MOA4Lkq874ZIQvyEgwqOtW4i2yySOVdvBFSwuKMmFMrjH8YAkX%2Bqggq0t4KiQIuqmajr4flhHTXRwLI7StBieEmVjiKyRSRwzFf8nT%2Bi5rFYkgSSsxGjD4%2F9rImwH0Dg2GZnVzG5hS9Z%2FYTxLGWrSisjH%2FL6CVXKKsem8UQbgYw%2B%2BnbS76SAi8qqXqnuQHBLVnzb1J202C0UHmcnYEAz0QcUQjsbLfMZjr4qmC%2BO64LcvIyTU8V87FIenxR2UCYFR%2BDM%2Fnt9UoqILsAW0JLsaw6f%2BnAeRQHex6tNO0RTVdSNng4zF%2FCEiSK0M8ucs3HvZWQJbqvQpR8khWWYFum6%2BhdI52i7wUn1AnHl13ixST0kCuV5d6HOIC%2Fw1Npfg2ytPKoZVi2U2C8huwvz3DU9%2FbmHhf15txvsIrQ%2FUQogNCYXxPO05sx7oyZvAJcGQcLd7WaSOLQC9%2Bx2v%2FIZhP%2FZlTxa1t22EM7TBcKLKGQLFkpWLbx%2Bk9kyjjPlfd6m8mjlX1li6zXVbNouZSBjvAVWS5a0eD%2FqlHpHsLdtIOa9doeqynvy%2BcYng3PeeGKI6mRudX8tRx3uyzM9wNdyZj5VZbpf2UCe5o2J3l2VfiyD7Sfzc16zXbBqWOQO%2BuPeJk5XbE0i5IcmjtwWUJvUp1QbR6NuNYjGIlfQawvZ%2F6lZnUgLlVL4i1WuoHhLz08gMRN1W7fSjQ5mJ9AKG8aZRNLty6ooUvpTayA9TfgGoIjbif4wzoLcPcHW6nn1N4jLvNeqXHDePk8kD9LPTaKjj0s%2Fy6GzasXe6zpOEHTc6CqQMs56%2FyZRanMxKQlyFiGl1VHjTIa9Gy5kTbky7c2UP46cgKVYTxVtcBEKVdLjqgvo4qgyZGskRmcnBN2KwVBqta2iGcxmFGp9LzMBynGJ04rD8nNbFBQml2O4Pnl0LNMgg8r68OZEZPKOxPwyy4JH1%2Bqz2zZJepyk2PWB%2BrhKl70ftOqNzxvXdn5LxgpZ4l9iG1XMYCdxk7m7Fs%3D
31,https://produto.mercadolivre.com.br/MLB-1179633415-bico-injetor-toyota-corolla-16-16v-0280156019-23250-0d030-_JM#position=32&search_layout=stack&type=item&tracking_id=3bcefd1e-0adc-48c4-bc0e-14864d654ff6
32,https://produto.mercadolivre.com.br/MLB-1798947588-kit-4-bicos-injetor-gol-parati-polo-classic-16-18-iwp044-_JM#position=33&search_layout=stack&type=item&tracking_id=3bcefd1e-0adc-48c4-bc0e-14864d654ff6
33,https://produto.mercadolivre.com.br/MLB-1102628758-bico-injetor-gm-corvette-camaro-62-v8-0280158051-_JM#position=34&search_layout=stack&type=item&tracking_id=3bcefd1e-0adc-48c4-bc0e-14864d654ff6
34,https://produto.mercadolivre.com.br/MLB-1495291331-bico-injetor-monza-ipanema-kadett-efi-18-20-alcool-novo-_JM#position=35&search_layout=stack&type=item&tracking_id=3bcefd1e-0adc-48c4-bc0e-14864d654ff6
35,https://produto.mercadolivre.com.br/MLB-1181516723-bico-injetor-hyundai-santa-fe-27-v6-2007-a-2009-35310-23600-_JM#position=36&search_layout=stack&type=item&tracking_id=3bcefd1e-0adc-48c4-bc0e-14864d654ff6
36,https://produto.mercadolivre.com.br/MLB-1170312195-bico-injetor-fiat-tipo-16-0280150698-_JM#position=37&search_layout=stack&type=item&tracking_id=3bcefd1e-0adc-48c4-bc0e-14864d654ff6
37,https://produto.mercadolivre.com.br/MLB-1862985602-bico-injetor-42-lbsh-volvo-0280155968-original-bosch-_JM#position=38&search_layout=stack&type=item&tracking_id=3bcefd1e-0adc-48c4-bc0e-14864d654ff6
38,https://produto.mercadolivre.com.br/MLB-1933182818-bico-injetor-gol-logus-parati-santana-16-18-iwm50001-verde-_JM#position=39&search_layout=stack&type=item&tracking_id=3bcefd1e-0adc-48c4-bc0e-14864d654ff6
39,https://produto.mercadolivre.com.br/MLB-1833866179-kit-4-bico-injetor-volkswagen-polo-classic-97-a-2002-iwp044-_JM#position=40&search_layout=stack&type=item&tracking_id=3bcefd1e-0adc-48c4-bc0e-14864d654ff6
40,https://produto.mercadolivre.com.br/MLB-1816454847-kit-4-bico-injetor-sandero-clio-scenic-megane-16-16v-iwp179-_JM#position=41&search_layout=stack&type=item&tracking_id=3bcefd1e-0adc-48c4-bc0e-14864d654ff6
41,https://produto.mercadolivre.com.br/MLB-1193570808-bico-injetor-toyota-corolla-18-16v-2005-2006-2007-denso-_JM#position=42&search_layout=stack&type=item&tracking_id=3bcefd1e-0adc-48c4-bc0e-14864d654ff6
42,https://produto.mercadolivre.com.br/MLB-1816468857-kit-4-bico-injetor-renault-clio-peugeot-206-10-16v-iwp099-_JM#position=43&search_layout=stack&type=item&tracking_id=3bcefd1e-0adc-48c4-bc0e-14864d654ff6
43,https://produto.mercadolivre.com.br/MLB-1404216329-bico-injetor-up-golf-tsi-virtus-polo-audi-a1-04e906036ar-_JM#position=44&search_layout=stack&type=item&tracking_id=3bcefd1e-0adc-48c4-bc0e-14864d654ff6
44,https://produto.mercadolivre.com.br/MLB-1821963642-kit-4-bico-injetor-fiesta-ecosport-1016-8v-flex-iwp127-_JM#position=45&search_layout=stack&type=item&tracking_id=3bcefd1e-0adc-48c4-bc0e-14864d654ff6
45,https://produto.mercadolivre.com.br/MLB-1517691172-bico-injetor-ecosport-new-fiesta-focus-16-18-0280158238-_JM#position=46&search_layout=stack&type=item&tracking_id=3bcefd1e-0adc-48c4-bc0e-14864d654ff6
46,https://produto.mercadolivre.com.br/MLB-1798949143-kit-4-bico-injetor-iwp024-gol-parati-santana-18-20-novo-_JM#position=47&search_layout=stack&type=item&tracking_id=3bcefd1e-0adc-48c4-bc0e-14864d654ff6
47,https://produto.mercadolivre.com.br/MLB-1848026046-kit-4-bico-injetor-scenic-megane-logan-duster-iwp179-_JM#position=48&search_layout=stack&type=item&tracking_id=3bcefd1e-0adc-48c4-bc0e-14864d654ff6
48,https://produto.mercadolivre.com.br/MLB-1908286215-bico-injetor-ford-fiesta-ka-courier-10-13-motor-endura-_JM#position=49&search_layout=stack&type=item&tracking_id=3bcefd1e-0adc-48c4-bc0e-14864d654ff6
49,https://produto.mercadolivre.com.br/MLB-1834553839-kit-4-bico-injetor-gol-santana-saveiro-parati-iwp024-_JM#position=50&search_layout=stack&type=item&tracking_id=3bcefd1e-0adc-48c4-bc0e-14864d654ff6
50,https://produto.mercadolivre.com.br/MLB-1895551997-kit-4-bico-injetor-palio-siena-14-8v-tetrafuel-gnv-ipg002-_JM#position=51&search_layout=stack&type=item&tracking_id=3bcefd1e-0adc-48c4-bc0e-14864d654ff6
51,https://produto.mercadolivre.com.br/MLB-1267712898-bico-injetor-chevrolet-captiva-2011-2013-original-12634126-_JM#position=52&search_layout=stack&type=item&tracking_id=3bcefd1e-0adc-48c4-bc0e-14864d654ff6
52,https://produto.mercadolivre.com.br/MLB-1276233956-bico-injetor-tucson-santa-fe-sonata-santa-27-v6-35310-37150-_JM#position=53&search_layout=stack&type=item&tracking_id=3bcefd1e-0adc-48c4-bc0e-14864d654ff6
53,https://produto.mercadolivre.com.br/MLB-1854272899-bico-injetor-mitsubishi-pajero-tr4l200-triton-35-v6-iwp218-_JM#position=54&search_layout=stack&type=item&tracking_id=3bcefd1e-0adc-48c4-bc0e-14864d654ff6
54,https://produto.mercadolivre.com.br/MLB-1726631129-kit-04-bico-injetor-palio-siena-strada-brava-16-16v-iwp001-_JM#position=55&search_layout=stack&type=item&tracking_id=3bcefd1e-0adc-48c4-bc0e-14864d654ff6
55,https://produto.mercadolivre.com.br/MLB-1316500209-bico-injetor-up-tsi-virtus-polo-golf-tsi-04e906036ar-novo-_JM#position=56&search_layout=stack&type=item&tracking_id=3bcefd1e-0adc-48c4-bc0e-14864d654ff6
