preco,marca,status
119,Volkswagen,OK
120,Volkswagen,OK
121,Volkswagen,OK
122,Volkswagen,OK
123,Volkswagen,OK
124,Volkswagen,OK
125,Volkswagen,OK
126,Volkswagen,OK
127,Volkswagen,OK
128,Volkswagen,OK
129,Volkswagen,OK
130,Volkswagen,OK
131,Volkswagen,OK
132,Volkswagen,OK
133,Volkswagen,OK
134,Volkswagen,OK
135,Volkswagen,OK
136,Volkswagen,OK
137,Volkswagen,OK
138,Volkswagen,OK
139,Volkswagen,OK
140,Volkswagen,OK
141,Volkswagen,OK
142,Volkswagen,OK
143,Volkswagen,OK
144,Volkswagen,OK
145,Volkswagen,OK
146,Volkswagen,OK
147,Volkswagen,OK
148,Volkswagen,OK
149,Volkswagen,OK
150,Volkswagen,OK
151,Volkswagen,OK
152,Volkswagen,OK
153,Volkswagen,OK
154,Volkswagen,OK
155,Volkswagen,OK
156,Volkswagen,OK
157,Volkswagen,OK
158,Volkswagen,OK
159,Volkswagen,OK
160,Volkswagen,OK
161,Volkswagen,OK
162,Volkswagen,OK
163,Volkswagen,OK
164,Volkswagen,OK
165,Volkswagen,OK
166,Volkswagen,OK
167,Volkswagen,OK
168,Volkswagen,OK
169,Volkswagen,OK
170,Volkswagen,OK
171,Volkswagen,OK
172,Volkswagen,OK
173,Volkswagen,OK
174,Volkswagen,OK
175,Volkswagen,OK
176,Volkswagen,OK
177,Volkswagen,OK
178,Volkswagen,OK
179,Volkswagen,OK
180,Volkswagen,OK
181,Volkswagen,OK
182,Volkswagen,OK
183,Volkswagen,OK
184,Volkswagen,OK
185,Volkswagen,OK
186,Volkswagen,OK
187,Volkswagen,OK
188,Volkswagen,OK
189,Volkswagen,OK
190,Volkswagen,OK
191,Volkswagen,OK
192,Volkswagen,OK
193,Volkswagen,OK
194,Volkswagen,OK
195,Volkswagen,OK
196,Volkswagen,OK
197,Volkswagen,OK
198,Volkswagen,OK
199,Volkswagen,OK
200,Volkswagen,OK
201,Volkswagen,OK
202,Volkswagen,OK
203,Volkswagen,OK
204,Volkswagen,OK
205,Volkswagen,OK
206,Volkswagen,OK
207,Volkswagen,OK
208,Volkswagen,OK
209,Volkswagen,OK
210,Volkswagen,OK
211,Volkswagen,OK
212,Volkswagen,OK
213,Volkswagen,OK
214,Volkswagen,OK
215,Volkswagen,OK
216,Volkswagen,OK
217,Volkswagen,OK
218,Volkswagen,OK
219,Volkswagen,OK
220,Volkswagen,OK
221,Volkswagen,OK
222,Volkswagen,OK
223,Volkswagen,OK
224,Volkswagen,OK
225,Volkswagen,OK
226,Volkswagen,OK
227,Volkswagen,OK
228,Volkswagen,OK
229,Volkswagen,OK
230,Volkswagen,OK
231,Volkswagen,OK
232,Volkswagen,OK
233,Volkswagen,OK
234,Volkswagen,OK
235,Volkswagen,OK
236,Volkswagen,OK
237,Volkswagen,OK
238,Volkswagen,OK
239,Volkswagen,OK
240,Volkswagen,OK
241,Volkswagen,OK
242,Volkswagen,OK
243,Volkswagen,OK
244,Volkswagen,OK
245,Volkswagen,OK
246,Volkswagen,OK
247,Volkswagen,OK
248,Volkswagen,OK
249,Volkswagen,OK
250,Volkswagen,OK
251,Volkswagen,OK
252,Volkswagen,OK
253,Volkswagen,OK
254,Volkswagen,OK
255,Volkswagen,OK
256,Volkswagen,OK
257,Volkswagen,OK
258,Volkswagen,OK
259,Volkswagen,OK
260,Volkswagen,OK
261,Volkswagen,OK
262,Volkswagen,OK
263,Volkswagen,OK
264,Volkswagen,OK
265,Volkswagen,OK
266,Volkswagen,OK
267,Volkswagen,OK
268,Volkswagen,OK
269,Volkswagen,OK
270,Volkswagen,OK
271,Volkswagen,OK
272,Volkswagen,OK
273,Volkswagen,OK
274,Volkswagen,OK
275,Volkswagen,OK
276,Volkswagen,OK
277,Volkswagen,OK
278,Volkswagen,OK
279,Volkswagen,OK
280,Volkswagen,OK
281,Volkswagen,OK
282,Volkswagen,OK
283,Volkswagen,OK
284,Volkswagen,OK
285,Volkswagen,OK
286,Volkswagen,OK
287,Volkswagen,OK
288,Volkswagen,OK
289,Volkswagen,OK
290,Volkswagen,OK
291,Volkswagen,OK
292,Volkswagen,OK
293,Volkswagen,OK
294,Volkswagen,OK
295,Volkswagen,OK
296,Volkswagen,OK
297,Volkswagen,OK
298,Volkswagen,OK
299,Volkswagen,OK
300,Volkswagen,OK
301,Volkswagen,OK
302,Volkswagen,OK
303,Volkswagen,OK
304,Volkswagen,OK
305,Volkswagen,OK
306,Volkswagen,OK
307,Volkswagen,OK
308,Volkswagen,OK
309,Volkswagen,OK
310,Volkswagen,OK
311,Volkswagen,OK
312,Volkswagen,OK
313,Volkswagen,OK
314,Volkswagen,OK
315,Volkswagen,OK
316,Volkswagen,OK
317,Volkswagen,OK
318,Volkswagen,OK
319,Volkswagen,OK
320,Volkswagen,OK
321,Volkswagen,OK
322,Volkswagen,OK
323,Volkswagen,OK
324,Volkswagen,OK
325,Volkswagen,OK
326,Volkswagen,OK
327,Volkswagen,OK
328,Volkswagen,OK
329,Volkswagen,OK
330,Volkswagen,OK
331,Volkswagen,OK
332,Volkswagen,OK
333,Volkswagen,OK
334,Volkswagen,OK
335,Volkswagen,OK
336,Volkswagen,OK
337,Volkswagen,OK
338,Volkswagen,OK
339,Volkswagen,OK
340,Volkswagen,OK
341,Volkswagen,OK
342,Volkswagen,OK
343,Volkswagen,OK
344,Volkswagen,OK
345,Volkswagen,OK
346,Volkswagen,OK
347,Volkswagen,OK
348,Volkswagen,OK
349,Volkswagen,OK
350,Volkswagen,OK
351,Volkswagen,OK
352,Volkswagen,OK
353,Volkswagen,OK
354,Volkswagen,OK
355,Volkswagen,OK
356,Volkswagen,OK
357,Volkswagen,OK
358,Volkswagen,OK
359,Volkswagen,OK
360,Volkswagen,OK
361,Volkswagen,OK
362,Volkswagen,OK
363,Volkswagen,OK
364,Volkswagen,OK
365,Volkswagen,OK
366,Volkswagen,OK
367,Volkswagen,OK
368,Volkswagen,OK
369,Volkswagen,OK
370,Volkswagen,OK
371,Volkswagen,OK
372,Volkswagen,OK
373,Volkswagen,OK
374,Volkswagen,OK
375,Volkswagen,OK
376,Volkswagen,OK
377,Volkswagen,OK
378,Volkswagen,OK
379,Volkswagen,OK
380,Volkswagen,OK
381,Volkswagen,OK
382,Volkswagen,OK
383,Volkswagen,OK
384,Volkswagen,OK
385,Volkswagen,OK
386,Volkswagen,OK
387,Volkswagen,OK
388,Volkswagen,OK
389,Volkswagen,OK
390,Volkswagen,OK
391,Volkswagen,OK
392,Volkswagen,OK
393,Volkswagen,OK
394,Volkswagen,OK
395,Volkswagen,OK
396,Volkswagen,OK
397,Volkswagen,OK
398,Volkswagen,OK
399,Volkswagen,OK
1,Wega,OK
2,Wega,OK
3,Wega,OK
4,Wega,OK
5,Wega,OK
6,Wega,OK
7,Wega,OK
8,Wega,OK
9,Wega,OK
10,Wega,OK
11,Wega,OK
12,Wega,OK
13,Wega,OK
14,Wega,OK
15,Wega,OK
16,Wega,OK
17,Wega,OK
18,Wega,OK
19,Wega,OK
20,Wega,OK
21,Wega,OK
22,Wega,OK
23,Wega,OK
24,Wega,OK
25,Wega,OK
26,Wega,OK
27,Wega,OK
28,Wega,OK
29,Wega,OK
30,Wega,OK
31,Wega,OK
32,Wega,OK
33,Wega,OK
34,Wega,OK
35,Wega,OK
36,Wega,OK
37,Wega,OK
38,Wega,OK
39,Wega,OK
40,Wega,OK
41,Wega,OK
42,Wega,OK
43,Wega,OK
44,Wega,OK
45,Wega,OK
46,Wega,OK
47,Wega,OK
48,Wega,OK
49,Wega,OK
50,Wega,OK
51,Wega,OK
52,Wega,OK
53,Wega,OK
54,Wega,OK
55,Wega,OK
56,Wega,OK
57,Wega,OK
58,Wega,OK
59,Wega,OK
60,Wega,OK
61,Wega,OK
62,Wega,OK
63,Wega,OK
64,Wega,OK
65,Wega,OK
66,Wega,OK
67,Wega,OK
68,Wega,OK
69,Wega,OK
70,Wega,OK
71,Wega,OK
72,Wega,OK
73,Wega,OK
74,Wega,OK
75,Wega,OK
76,Wega,OK
77,Wega,OK
78,Wega,OK
79,Wega,OK
80,Wega,OK
81,Wega,OK
82,Wega,OK
83,Wega,OK
84,Wega,OK
85,Wega,OK
86,Wega,OK
87,Wega,OK
88,Wega,OK
89,Wega,OK
90,Wega,OK
91,Wega,OK
92,Wega,OK
93,Wega,OK
94,Wega,OK
95,Wega,OK
96,Wega,OK
97,Wega,OK
98,Wega,OK
99,Wega,OK
100,Wega,OK
101,Wega,OK
102,Wega,OK
103,Wega,OK
104,Wega,OK
105,Wega,OK
106,Wega,OK
107,Wega,OK
108,Wega,OK
109,Wega,OK
110,Wega,OK
111,Wega,OK
112,Wega,OK
113,Wega,OK
114,Wega,OK
115,Wega,OK
116,Wega,OK
117,Wega,OK
118,Wega,OK
119,Wega,OK
120,Wega,OK
121,Wega,OK
122,Wega,OK
123,Wega,OK
124,Wega,OK
125,Wega,OK
126,Wega,OK
127,Wega,OK
128,Wega,OK
129,Wega,OK
130,Wega,OK
131,Wega,OK
132,Wega,OK
133,Wega,OK
134,Wega,OK
135,Wega,OK
136,Wega,OK
137,Wega,OK
138,Wega,OK
139,Wega,OK
140,Wega,OK
141,Wega,OK
142,Wega,OK
143,Wega,OK
144,Wega,OK
145,Wega,OK
146,Wega,OK
147,Wega,OK
148,Wega,OK
149,Wega,OK
150,Wega,OK
151,Wega,OK
152,Wega,OK
153,Wega,OK
154,Wega,OK
155,Wega,OK
156,Wega,OK
157,Wega,OK
158,Wega,OK
159,Wega,OK
160,Wega,OK
161,Wega,OK
162,Wega,OK
163,Wega,OK
164,Wega,OK
165,Wega,OK
166,Wega,OK
167,Wega,OK
168,Wega,OK
169,Wega,OK
170,Wega,OK
171,Wega,OK
172,Wega,OK
173,Wega,OK
174,Wega,OK
175,Wega,OK
176,Wega,OK
177,Wega,OK
178,Wega,OK
179,Wega,OK
180,Wega,OK
181,Wega,OK
182,Wega,OK
183,Wega,OK
184,Wega,OK
185,Wega,OK
186,Wega,OK
187,Wega,OK
188,Wega,OK
189,Wega,OK
190,Wega,OK
191,Wega,OK
192,Wega,OK
193,Wega,OK
194,Wega,OK
195,Wega,OK
196,Wega,OK
197,Wega,OK
198,Wega,OK
199,Wega,OK
200,Wega,OK
201,Wega,OK
202,Wega,OK
203,Wega,OK
204,Wega,OK
205,Wega,OK
206,Wega,OK
207,Wega,OK
208,Wega,OK
209,Wega,OK
210,Wega,OK
211,Wega,OK
212,Wega,OK
213,Wega,OK
214,Wega,OK
215,Wega,OK
216,Wega,OK
217,Wega,OK
218,Wega,OK
219,Wega,OK
220,Wega,OK
221,Wega,OK
222,Wega,OK
223,Wega,OK
224,Wega,OK
225,Wega,OK
226,Wega,OK
227,Wega,OK
228,Wega,OK
229,Wega,OK
230,Wega,OK
231,Wega,OK
232,Wega,OK
233,Wega,OK
234,Wega,OK
235,Wega,OK
236,Wega,OK
237,Wega,OK
238,Wega,OK
239,Wega,OK
240,Wega,OK
241,Wega,OK
242,Wega,OK
243,Wega,OK
244,Wega,OK
245,Wega,OK
246,Wega,OK
247,Wega,OK
248,Wega,OK
249,Wega,OK
250,Wega,OK
251,Wega,OK
252,Wega,OK
253,Wega,OK
254,Wega,OK
255,Wega,OK
256,Wega,OK
257,Wega,OK
258,Wega,OK
259,Wega,OK
260,Wega,OK
261,Wega,OK
262,Wega,OK
263,Wega,OK
264,Wega,OK
265,Wega,OK
266,Wega,OK
267,Wega,OK
268,Wega,OK
269,Wega,OK
270,Wega,OK
271,Wega,OK
272,Wega,OK
273,Wega,OK
274,Wega,OK
275,Wega,OK
276,Wega,OK
277,Wega,OK
278,Wega,OK
279,Wega,OK
280,Wega,OK
281,Wega,OK
282,Wega,OK
283,Wega,OK
284,Wega,OK
285,Wega,OK
286,Wega,OK
287,Wega,OK
288,Wega,OK
289,Wega,OK
290,Wega,OK
291,Wega,OK
292,Wega,OK
293,Wega,OK
294,Wega,OK
295,Wega,OK
296,Wega,OK
297,Wega,OK
298,Wega,OK
299,Wega,OK
300,Wega,OK
301,Wega,OK
302,Wega,OK
303,Wega,OK
304,Wega,OK
305,Wega,OK
306,Wega,OK
307,Wega,OK
308,Wega,OK
309,Wega,OK
310,Wega,OK
311,Wega,OK
312,Wega,OK
313,Wega,OK
314,Wega,OK
315,Wega,OK
316,Wega,OK
317,Wega,OK
318,Wega,OK
319,Wega,OK
320,Wega,OK
321,Wega,OK
322,Wega,OK
323,Wega,OK
324,Wega,OK
325,Wega,OK
326,Wega,OK
327,Wega,OK
328,Wega,OK
329,Wega,OK
330,Wega,OK
331,Wega,OK
332,Wega,OK
333,Wega,OK
334,Wega,OK
335,Wega,OK
336,Wega,OK
337,Wega,OK
338,Wega,OK
339,Wega,OK
340,Wega,OK
341,Wega,OK
342,Wega,OK
343,Wega,OK
344,Wega,OK
345,Wega,OK
346,Wega,OK
347,Wega,OK
348,Wega,OK
349,Wega,OK
350,Wega,OK
351,Wega,OK
352,Wega,OK
353,Wega,OK
354,Wega,OK
355,Wega,OK
356,Wega,OK
357,Wega,OK
358,Wega,OK
359,Wega,OK
360,Wega,OK
361,Wega,OK
362,Wega,OK
363,Wega,OK
364,Wega,OK
365,Wega,OK
366,Wega,OK
367,Wega,OK
368,Wega,OK
369,Wega,OK
370,Wega,OK
371,Wega,OK
372,Wega,OK
373,Wega,OK
374,Wega,OK
375,Wega,OK
376,Wega,OK
377,Wega,OK
378,Wega,OK
379,Wega,OK
380,Wega,OK
381,Wega,OK
382,Wega,OK
383,Wega,OK
384,Wega,OK
385,Wega,OK
386,Wega,OK
387,Wega,OK
388,Wega,OK
389,Wega,OK
390,Wega,OK
391,Wega,OK
392,Wega,OK
393,Wega,OK
394,Wega,OK
395,Wega,OK
396,Wega,OK
397,Wega,OK
398,Wega,OK
399,Wega,OK
1,Yamaha,OK
2,Yamaha,OK
3,Yamaha,OK
4,Yamaha,OK
5,Yamaha,OK
6,Yamaha,OK
7,Yamaha,OK
8,Yamaha,OK
9,Yamaha,OK
10,Yamaha,OK
11,Yamaha,OK
12,Yamaha,OK
13,Yamaha,OK
14,Yamaha,OK
15,Yamaha,OK
16,Yamaha,OK
17,Yamaha,OK
18,Yamaha,OK
19,Yamaha,OK
20,Yamaha,OK
21,Yamaha,OK
22,Yamaha,OK
23,Yamaha,OK
24,Yamaha,OK
25,Yamaha,OK
26,Yamaha,OK
27,Yamaha,OK
28,Yamaha,OK
29,Yamaha,OK
30,Yamaha,OK
31,Yamaha,OK
32,Yamaha,OK
33,Yamaha,OK
34,Yamaha,OK
35,Yamaha,OK
36,Yamaha,OK
37,Yamaha,OK
38,Yamaha,OK
39,Yamaha,OK
40,Yamaha,OK
41,Yamaha,OK
42,Yamaha,OK
43,Yamaha,OK
44,Yamaha,OK
45,Yamaha,OK
46,Yamaha,OK
47,Yamaha,OK
48,Yamaha,OK
49,Yamaha,OK
50,Yamaha,OK
51,Yamaha,OK
52,Yamaha,OK
53,Yamaha,OK
54,Yamaha,OK
55,Yamaha,OK
56,Yamaha,OK
57,Yamaha,OK
58,Yamaha,OK
59,Yamaha,OK
60,Yamaha,OK
61,Yamaha,OK
62,Yamaha,OK
63,Yamaha,OK
64,Yamaha,OK
65,Yamaha,OK
66,Yamaha,OK
67,Yamaha,OK
68,Yamaha,OK
69,Yamaha,OK
70,Yamaha,OK
71,Yamaha,OK
72,Yamaha,OK
73,Yamaha,OK
74,Yamaha,OK
75,Yamaha,OK
76,Yamaha,OK
77,Yamaha,OK
78,Yamaha,OK
79,Yamaha,OK
80,Yamaha,OK
81,Yamaha,OK
82,Yamaha,OK
83,Yamaha,OK
84,Yamaha,OK
85,Yamaha,OK
86,Yamaha,OK
87,Yamaha,OK
88,Yamaha,OK
89,Yamaha,OK
90,Yamaha,OK
91,Yamaha,OK
92,Yamaha,OK
93,Yamaha,OK
94,Yamaha,OK
95,Yamaha,OK
96,Yamaha,OK
97,Yamaha,OK
98,Yamaha,OK
99,Yamaha,OK
100,Yamaha,OK
101,Yamaha,OK
102,Yamaha,OK
103,Yamaha,OK
104,Yamaha,OK
105,Yamaha,OK
106,Yamaha,OK
107,Yamaha,OK
108,Yamaha,OK
109,Yamaha,OK
110,Yamaha,OK
111,Yamaha,OK
112,Yamaha,OK
113,Yamaha,OK
114,Yamaha,OK
115,Yamaha,OK
116,Yamaha,OK
117,Yamaha,OK
118,Yamaha,OK
119,Yamaha,OK
120,Yamaha,OK
121,Yamaha,OK
122,Yamaha,OK
123,Yamaha,OK
124,Yamaha,OK
125,Yamaha,OK
126,Yamaha,OK
127,Yamaha,OK
128,Yamaha,OK
129,Yamaha,OK
130,Yamaha,OK
131,Yamaha,OK
132,Yamaha,OK
133,Yamaha,OK
134,Yamaha,OK
135,Yamaha,OK
136,Yamaha,OK
137,Yamaha,OK
138,Yamaha,OK
139,Yamaha,OK
140,Yamaha,OK
141,Yamaha,OK
142,Yamaha,OK
143,Yamaha,OK
144,Yamaha,OK
145,Yamaha,OK
146,Yamaha,OK
147,Yamaha,OK
148,Yamaha,OK
149,Yamaha,OK
150,Yamaha,OK
151,Yamaha,OK
152,Yamaha,OK
153,Yamaha,OK
154,Yamaha,OK
155,Yamaha,OK
156,Yamaha,OK
157,Yamaha,OK
158,Yamaha,OK
159,Yamaha,OK
160,Yamaha,OK
161,Yamaha,OK
162,Yamaha,OK
163,Yamaha,OK
164,Yamaha,OK
165,Yamaha,OK
166,Yamaha,OK
167,Yamaha,OK
168,Yamaha,OK
169,Yamaha,OK
170,Yamaha,OK
171,Yamaha,OK
172,Yamaha,OK
173,Yamaha,OK
174,Yamaha,OK
175,Yamaha,OK
176,Yamaha,OK
177,Yamaha,OK
178,Yamaha,OK
179,Yamaha,OK
180,Yamaha,OK
181,Yamaha,OK
182,Yamaha,OK
183,Yamaha,OK
184,Yamaha,OK
185,Yamaha,OK
186,Yamaha,OK
187,Yamaha,OK
188,Yamaha,OK
189,Yamaha,OK
190,Yamaha,OK
191,Yamaha,OK
192,Yamaha,OK
193,Yamaha,OK
194,Yamaha,OK
195,Yamaha,OK
196,Yamaha,OK
197,Yamaha,OK
198,Yamaha,OK
199,Yamaha,OK
200,Yamaha,OK
201,Yamaha,OK
202,Yamaha,OK
203,Yamaha,OK
204,Yamaha,OK
205,Yamaha,OK
206,Yamaha,OK
207,Yamaha,OK
208,Yamaha,OK
209,Yamaha,OK
210,Yamaha,OK
211,Yamaha,OK
212,Yamaha,OK
213,Yamaha,OK
214,Yamaha,OK
215,Yamaha,OK
216,Yamaha,OK
217,Yamaha,OK
218,Yamaha,OK
219,Yamaha,OK
220,Yamaha,OK
221,Yamaha,OK
222,Yamaha,OK
223,Yamaha,OK
224,Yamaha,OK
225,Yamaha,OK
226,Yamaha,OK
227,Yamaha,OK
228,Yamaha,OK
229,Yamaha,OK
230,Yamaha,OK
231,Yamaha,OK
232,Yamaha,OK
233,Yamaha,OK
234,Yamaha,OK
235,Yamaha,OK
236,Yamaha,OK
237,Yamaha,OK
238,Yamaha,OK
239,Yamaha,OK
240,Yamaha,OK
241,Yamaha,OK
242,Yamaha,OK
243,Yamaha,OK
244,Yamaha,OK
245,Yamaha,OK
246,Yamaha,OK
247,Yamaha,OK
248,Yamaha,OK
249,Yamaha,OK
250,Yamaha,OK
251,Yamaha,OK
252,Yamaha,OK
253,Yamaha,OK
254,Yamaha,OK
255,Yamaha,OK
256,Yamaha,OK
257,Yamaha,OK
258,Yamaha,OK
259,Yamaha,OK
260,Yamaha,OK
261,Yamaha,OK
262,Yamaha,OK
263,Yamaha,OK
264,Yamaha,OK
265,Yamaha,OK
266,Yamaha,OK
267,Yamaha,OK
268,Yamaha,OK
269,Yamaha,OK
270,Yamaha,OK
271,Yamaha,OK
272,Yamaha,OK
273,Yamaha,OK
274,Yamaha,OK
275,Yamaha,OK
276,Yamaha,OK
277,Yamaha,OK
278,Yamaha,OK
279,Yamaha,OK
280,Yamaha,OK
281,Yamaha,OK
282,Yamaha,OK
283,Yamaha,OK
284,Yamaha,OK
285,Yamaha,OK
286,Yamaha,OK
287,Yamaha,OK
288,Yamaha,OK
289,Yamaha,OK
290,Yamaha,OK
291,Yamaha,OK
292,Yamaha,OK
293,Yamaha,OK
294,Yamaha,OK
295,Yamaha,OK
296,Yamaha,OK
297,Yamaha,OK
298,Yamaha,OK
299,Yamaha,OK
300,Yamaha,OK
301,Yamaha,OK
302,Yamaha,OK
303,Yamaha,OK
304,Yamaha,OK
305,Yamaha,OK
306,Yamaha,OK
307,Yamaha,OK
308,Yamaha,OK
309,Yamaha,OK
310,Yamaha,OK
311,Yamaha,OK
312,Yamaha,OK
313,Yamaha,OK
314,Yamaha,OK
315,Yamaha,OK
316,Yamaha,OK
317,Yamaha,OK
318,Yamaha,OK
319,Yamaha,OK
320,Yamaha,OK
321,Yamaha,OK
322,Yamaha,OK
323,Yamaha,OK
324,Yamaha,OK
325,Yamaha,OK
326,Yamaha,OK
327,Yamaha,OK
328,Yamaha,OK
329,Yamaha,OK
330,Yamaha,OK
331,Yamaha,OK
332,Yamaha,OK
333,Yamaha,OK
334,Yamaha,OK
335,Yamaha,OK
336,Yamaha,OK
337,Yamaha,OK
338,Yamaha,OK
339,Yamaha,OK
340,Yamaha,OK
341,Yamaha,OK
342,Yamaha,OK
343,Yamaha,OK
344,Yamaha,OK
345,Yamaha,OK
346,Yamaha,OK
347,Yamaha,OK
348,Yamaha,OK
349,Yamaha,OK
350,Yamaha,OK
351,Yamaha,OK
352,Yamaha,OK
353,Yamaha,OK
354,Yamaha,OK
355,Yamaha,OK
356,Yamaha,OK
357,Yamaha,OK
358,Yamaha,OK
359,Yamaha,OK
360,Yamaha,OK
361,Yamaha,OK
362,Yamaha,OK
363,Yamaha,OK
364,Yamaha,OK
365,Yamaha,OK
366,Yamaha,OK
367,Yamaha,OK
368,Yamaha,OK
369,Yamaha,OK
370,Yamaha,OK
371,Yamaha,OK
372,Yamaha,OK
373,Yamaha,OK
374,Yamaha,OK
375,Yamaha,OK
376,Yamaha,OK
377,Yamaha,OK
378,Yamaha,OK
379,Yamaha,OK
380,Yamaha,OK
381,Yamaha,OK
382,Yamaha,OK
383,Yamaha,OK
384,Yamaha,OK
385,Yamaha,OK
386,Yamaha,OK
387,Yamaha,OK
388,Yamaha,OK
389,Yamaha,OK
390,Yamaha,OK
391,Yamaha,OK
392,Yamaha,OK
393,Yamaha,OK
394,Yamaha,OK
395,Yamaha,OK
396,Yamaha,OK
397,Yamaha,OK
398,Yamaha,OK
399,Yamaha,OK
1,Ymax,OK
2,Ymax,OK
3,Ymax,OK
4,Ymax,OK
5,Ymax,OK
6,Ymax,OK
7,Ymax,OK
8,Ymax,OK
9,Ymax,OK
10,Ymax,OK
11,Ymax,OK
12,Ymax,OK
13,Ymax,OK
14,Ymax,OK
15,Ymax,OK
16,Ymax,OK
17,Ymax,OK
18,Ymax,OK
19,Ymax,OK
20,Ymax,OK
21,Ymax,OK
22,Ymax,OK
23,Ymax,OK
24,Ymax,OK
25,Ymax,OK
26,Ymax,OK
27,Ymax,OK
28,Ymax,OK
29,Ymax,OK
30,Ymax,OK
31,Ymax,OK
32,Ymax,OK
33,Ymax,OK
34,Ymax,OK
35,Ymax,OK
36,Ymax,OK
37,Ymax,OK
38,Ymax,OK
39,Ymax,OK
40,Ymax,OK
41,Ymax,OK
42,Ymax,OK
43,Ymax,OK
44,Ymax,OK
45,Ymax,OK
46,Ymax,OK
47,Ymax,OK
48,Ymax,OK
49,Ymax,OK
50,Ymax,OK
51,Ymax,OK
52,Ymax,OK
53,Ymax,OK
54,Ymax,OK
55,Ymax,OK
56,Ymax,OK
57,Ymax,OK
58,Ymax,OK
59,Ymax,OK
60,Ymax,OK
61,Ymax,OK
62,Ymax,OK
63,Ymax,OK
64,Ymax,OK
65,Ymax,OK
66,Ymax,OK
67,Ymax,OK
68,Ymax,OK
69,Ymax,OK
70,Ymax,OK
71,Ymax,OK
72,Ymax,OK
73,Ymax,OK
74,Ymax,OK
75,Ymax,OK
76,Ymax,OK
77,Ymax,OK
78,Ymax,OK
79,Ymax,OK
80,Ymax,OK
81,Ymax,OK
82,Ymax,OK
83,Ymax,OK
84,Ymax,OK
85,Ymax,OK
86,Ymax,OK
87,Ymax,OK
88,Ymax,OK
89,Ymax,OK
90,Ymax,OK
91,Ymax,OK
92,Ymax,OK
93,Ymax,OK
94,Ymax,OK
95,Ymax,OK
96,Ymax,OK
97,Ymax,OK
98,Ymax,OK
99,Ymax,OK
100,Ymax,OK
101,Ymax,OK
102,Ymax,OK
103,Ymax,OK
104,Ymax,OK
105,Ymax,OK
106,Ymax,OK
107,Ymax,OK
108,Ymax,OK
109,Ymax,OK
110,Ymax,OK
111,Ymax,OK
112,Ymax,OK
113,Ymax,OK
114,Ymax,OK
115,Ymax,OK
116,Ymax,OK
117,Ymax,OK
118,Ymax,OK
119,Ymax,OK
120,Ymax,OK
121,Ymax,OK
122,Ymax,OK
123,Ymax,OK
124,Ymax,OK
125,Ymax,OK
126,Ymax,OK
127,Ymax,OK
128,Ymax,OK
129,Ymax,OK
130,Ymax,OK
131,Ymax,OK
132,Ymax,OK
133,Ymax,OK
134,Ymax,OK
135,Ymax,OK
136,Ymax,OK
137,Ymax,OK
138,Ymax,OK
139,Ymax,OK
140,Ymax,OK
141,Ymax,OK
142,Ymax,OK
143,Ymax,OK
144,Ymax,OK
145,Ymax,OK
146,Ymax,OK
147,Ymax,OK
148,Ymax,OK
149,Ymax,OK
150,Ymax,OK
151,Ymax,OK
152,Ymax,OK
153,Ymax,OK
154,Ymax,OK
155,Ymax,OK
156,Ymax,OK
157,Ymax,OK
158,Ymax,OK
159,Ymax,OK
160,Ymax,OK
161,Ymax,OK
162,Ymax,OK
163,Ymax,OK
164,Ymax,OK
165,Ymax,OK
166,Ymax,OK
167,Ymax,OK
168,Ymax,OK
169,Ymax,OK
170,Ymax,OK
171,Ymax,OK
172,Ymax,OK
173,Ymax,OK
174,Ymax,OK
175,Ymax,OK
176,Ymax,OK
177,Ymax,OK
178,Ymax,OK
179,Ymax,OK
180,Ymax,OK
181,Ymax,OK
182,Ymax,OK
183,Ymax,OK
184,Ymax,OK
185,Ymax,OK
186,Ymax,OK
187,Ymax,OK
188,Ymax,OK
189,Ymax,OK
190,Ymax,OK
191,Ymax,OK
192,Ymax,OK
193,Ymax,OK
194,Ymax,OK
195,Ymax,OK
196,Ymax,OK
197,Ymax,OK
198,Ymax,OK
199,Ymax,OK
200,Ymax,OK
201,Ymax,OK
202,Ymax,OK
203,Ymax,OK
204,Ymax,OK
205,Ymax,OK
206,Ymax,OK
207,Ymax,OK
208,Ymax,OK
209,Ymax,OK
210,Ymax,OK
211,Ymax,OK
212,Ymax,OK
213,Ymax,OK
214,Ymax,OK
215,Ymax,OK
216,Ymax,OK
217,Ymax,OK
218,Ymax,OK
219,Ymax,OK
220,Ymax,OK
221,Ymax,OK
222,Ymax,OK
223,Ymax,OK
224,Ymax,OK
225,Ymax,OK
226,Ymax,OK
227,Ymax,OK
228,Ymax,OK
229,Ymax,OK
230,Ymax,OK
231,Ymax,OK
232,Ymax,OK
233,Ymax,OK
234,Ymax,OK
235,Ymax,OK
236,Ymax,OK
237,Ymax,OK
238,Ymax,OK
239,Ymax,OK
240,Ymax,OK
241,Ymax,OK
242,Ymax,OK
243,Ymax,OK
244,Ymax,OK
245,Ymax,OK
246,Ymax,OK
247,Ymax,OK
248,Ymax,OK
249,Ymax,OK
250,Ymax,OK
251,Ymax,OK
252,Ymax,OK
253,Ymax,OK
254,Ymax,OK
255,Ymax,OK
256,Ymax,OK
257,Ymax,OK
258,Ymax,OK
259,Ymax,OK
260,Ymax,OK
261,Ymax,OK
262,Ymax,OK
263,Ymax,OK
264,Ymax,OK
265,Ymax,OK
266,Ymax,OK
267,Ymax,OK
268,Ymax,OK
269,Ymax,OK
270,Ymax,OK
271,Ymax,OK
272,Ymax,OK
273,Ymax,OK
274,Ymax,OK
275,Ymax,OK
276,Ymax,OK
277,Ymax,OK
278,Ymax,OK
279,Ymax,OK
280,Ymax,OK
281,Ymax,OK
282,Ymax,OK
283,Ymax,OK
284,Ymax,OK
285,Ymax,OK
286,Ymax,OK
287,Ymax,OK
288,Ymax,OK
289,Ymax,OK
290,Ymax,OK
291,Ymax,OK
292,Ymax,OK
293,Ymax,OK
294,Ymax,OK
295,Ymax,OK
296,Ymax,OK
297,Ymax,OK
298,Ymax,OK
299,Ymax,OK
300,Ymax,OK
301,Ymax,OK
302,Ymax,OK
303,Ymax,OK
304,Ymax,OK
305,Ymax,OK
306,Ymax,OK
307,Ymax,OK
308,Ymax,OK
309,Ymax,OK
310,Ymax,OK
311,Ymax,OK
312,Ymax,OK
313,Ymax,OK
314,Ymax,OK
315,Ymax,OK
316,Ymax,OK
317,Ymax,OK
318,Ymax,OK
319,Ymax,OK
320,Ymax,OK
321,Ymax,OK
322,Ymax,OK
323,Ymax,OK
324,Ymax,OK
325,Ymax,OK
326,Ymax,OK
327,Ymax,OK
328,Ymax,OK
329,Ymax,OK
330,Ymax,OK
331,Ymax,OK
332,Ymax,OK
333,Ymax,OK
334,Ymax,OK
335,Ymax,OK
336,Ymax,OK
337,Ymax,OK
338,Ymax,OK
339,Ymax,OK
340,Ymax,OK
341,Ymax,OK
342,Ymax,OK
343,Ymax,OK
344,Ymax,OK
345,Ymax,OK
346,Ymax,OK
347,Ymax,OK
348,Ymax,OK
349,Ymax,OK
350,Ymax,OK
351,Ymax,OK
352,Ymax,OK
353,Ymax,OK
354,Ymax,OK
355,Ymax,OK
356,Ymax,OK
357,Ymax,OK
358,Ymax,OK
359,Ymax,OK
360,Ymax,OK
361,Ymax,OK
362,Ymax,OK
363,Ymax,OK
364,Ymax,OK
365,Ymax,OK
366,Ymax,OK
367,Ymax,OK
368,Ymax,OK
369,Ymax,OK
370,Ymax,OK
371,Ymax,OK
372,Ymax,OK
373,Ymax,OK
374,Ymax,OK
375,Ymax,OK
376,Ymax,OK
377,Ymax,OK
378,Ymax,OK
379,Ymax,OK
380,Ymax,OK
381,Ymax,OK
382,Ymax,OK
383,Ymax,OK
384,Ymax,OK
385,Ymax,OK
386,Ymax,OK
387,Ymax,OK
388,Ymax,OK
389,Ymax,OK
390,Ymax,OK
391,Ymax,OK
392,Ymax,OK
393,Ymax,OK
394,Ymax,OK
395,Ymax,OK
396,Ymax,OK
397,Ymax,OK
398,Ymax,OK
399,Ymax,OK
